leagues,outcomes,edge_min,sel_bets,sel_roi,hld_bets,hld_roi
B1+D1+E0+E1+F1+G1+I1+N1+P1+SC0+SP1+T1,all,0.08,18917,0.010371068020211129,10206,0.031071825814505735
B1+D1+E0+E1+F1+G1+I1+N1+P1+SC0+SP1+T1,all,0.1,13078,0.0053432841605358895,6863,0.02770763441095128
B1+D1+E0+E1+F1+G1+I1+N1+P1+SC0+SP1+T1,all,0.12,9012,0.007203117123413827,4489,0.045734063662219764
B1+D1+E0+E1+F1+G1+I1+N1+P1+SC0+SP1+T1,all,0.15,4998,0.01322815686382055,2383,0.045857480669766346
B1+D1+E0+E1+F1+G1+I1+N1+P1+SC0+SP1+T1,all,0.18,2686,0.005350331898914773,1213,0.052823611228562564
B1+D1+E0+E1+F1+G1+I1+N1+P1+SC0+SP1+T1,all,0.2,1815,0.0013191087820345862,787,0.05158068026678245
B1+D1+E0+E1+F1+G1+I1+N1+P1+SC0+SP1+T1,all,0.25,709,0.05567438438943611,259,0.014924567164030346
B1+D1+E0+E1+F1+G1+I1+N1+P1+SC0+SP1+T1,home,0.08,9256,0.03185743456207115,3983,0.03969609438353805
B1+D1+E0+E1+F1+G1+I1+N1+P1+SC0+SP1+T1,home,0.1,6598,0.030046846979538057,2762,0.03210283683099104
B1+D1+E0+E1+F1+G1+I1+N1+P1+SC0+SP1+T1,home,0.12,4628,0.02861491786575161,1880,0.04789504142882738
B1+D1+E0+E1+F1+G1+I1+N1+P1+SC0+SP1+T1,home,0.15,2636,0.03671515719681345,1034,0.06238189845156927
B1+D1+E0+E1+F1+G1+I1+N1+P1+SC0+SP1+T1,home,0.18,1366,0.033987042268097505,526,0.08632028227049833
B1+D1+E0+E1+F1+G1+I1+N1+P1+SC0+SP1+T1,home,0.2,890,0.016021826358187604,324,0.13381103216604226
B1+D1+E0+E1+F1+G1+I1+N1+P1+SC0+SP1+T1,home,0.25,280,0.08358456318241056,85,0.15330160487141692
B1+D1+E0+E1+F1+G1+I1+N1+P1+SC0+SP1+T1,draw,0.08,4060,-0.02450354222582147,2631,0.01977334566196948
B1+D1+E0+E1+F1+G1+I1+N1+P1+SC0+SP1+T1,draw,0.1,2652,-0.031665183974201656,1648,0.030133364530329294
B1+D1+E0+E1+F1+G1+I1+N1+P1+SC0+SP1+T1,draw,0.12,1812,-0.03709160087156402,976,0.040953399945646916
B1+D1+E0+E1+F1+G1+I1+N1+P1+SC0+SP1+T1,draw,0.15,930,-0.0332506534613896,493,-0.0348531020970903
B1+D1+E0+E1+F1+G1+I1+N1+P1+SC0+SP1+T1,draw,0.18,549,-0.05779757242310395,282,0.003948381562658781
B1+D1+E0+E1+F1+G1+I1+N1+P1+SC0+SP1+T1,draw,0.2,400,-0.025983033535190256,207,-0.07268090953149077
B1+D1+E0+E1+F1+G1+I1+N1+P1+SC0+SP1+T1,draw,0.25,204,-0.003183461911582457,104,-0.17715105145559917
B1+D1+E0+E1+F1+G1+I1+N1+P1+SC0+SP1+T1,away,0.08,5601,-0.016968768059281616,3592,0.02307716132178793
B1+D1+E0+E1+F1+G1+I1+N1+P1+SC0+SP1+T1,away,0.1,3828,-0.02937659736478469,2453,0.01949953011542074
B1+D1+E0+E1+F1+G1+I1+N1+P1+SC0+SP1+T1,away,0.12,2572,-0.01704150599706308,1633,0.04410882800561736
B1+D1+E0+E1+F1+G1+I1+N1+P1+SC0+SP1+T1,away,0.15,1432,-0.016010908690821005,856,0.04985869010502789
B1+D1+E0+E1+F1+G1+I1+N1+P1+SC0+SP1+T1,away,0.18,771,-0.0207873448566057,405,0.017503124216539167
B1+D1+E0+E1+F1+G1+I1+N1+P1+SC0+SP1+T1,away,0.2,525,-0.011889191561226189,256,-0.014614261820667314
B1+D1+E0+E1+F1+G1+I1+N1+P1+SC0+SP1+T1,away,0.25,225,0.05742998319895572,70,0.011560055102477266
B1+D1+E0+E1+F1+G1+I1+N1+P1+SC0+SP1+T1,home+draw,0.08,13316,0.020204472195402785,6614,0.034924741318795596
B1+D1+E0+E1+F1+G1+I1+N1+P1+SC0+SP1+T1,home+draw,0.1,9250,0.01787629205215827,4410,0.031670273719642275
B1+D1+E0+E1+F1+G1+I1+N1+P1+SC0+SP1+T1,home+draw,0.12,6440,0.01588106307380262,2856,0.04651754310659519
B1+D1+E0+E1+F1+G1+I1+N1+P1+SC0+SP1+T1,home+draw,0.15,3566,0.023820408483399495,1527,0.043973851041507375
B1+D1+E0+E1+F1+G1+I1+N1+P1+SC0+SP1+T1,home+draw,0.18,1915,0.015129941163706433,808,0.06879613014843473
B1+D1+E0+E1+F1+G1+I1+N1+P1+SC0+SP1+T1,home+draw,0.2,1290,0.006485304380392135,531,0.08205461220102485
B1+D1+E0+E1+F1+G1+I1+N1+P1+SC0+SP1+T1,home+draw,0.25,484,0.05482990743047323,189,0.016374338934497534
B1+D1+E0+E1+F1+G1+I1+N1+P1+SC0+SP1+T1,draw+away,0.08,9661,-0.019719084120781227,6223,0.021980393329538647
B1+D1+E0+E1+F1+G1+I1+N1+P1+SC0+SP1+T1,draw+away,0.1,6480,-0.030185182328618648,4101,0.022824605887308134
B1+D1+E0+E1+F1+G1+I1+N1+P1+SC0+SP1+T1,draw+away,0.12,4384,-0.024084217226101875,2609,0.043188692175512765
B1+D1+E0+E1+F1+G1+I1+N1+P1+SC0+SP1+T1,draw+away,0.15,2362,-0.02182412531288348,1349,0.02556282695312981
B1+D1+E0+E1+F1+G1+I1+N1+P1+SC0+SP1+T1,draw+away,0.18,1320,-0.03390611578948628,687,0.013166488508485043
B1+D1+E0+E1+F1+G1+I1+N1+P1+SC0+SP1+T1,draw+away,0.2,925,-0.017065433401321797,463,-0.03508391738926551
B1+D1+E0+E1+F1+G1+I1+N1+P1+SC0+SP1+T1,draw+away,0.25,429,0.032704839082249526,174,-0.08094935052492186
B1,all,0.08,1232,0.01727403645400123,879,-0.004441330321003593
B1,all,0.1,855,-0.003943243853308019,582,-0.03260799851398472
B1,all,0.12,609,0.0188954719063083,352,-0.029887992332186614
B1,all,0.15,341,0.03358736087972446,208,-0.05787808982578717
B1,all,0.18,192,0.07526978082084201,114,-0.15170014520589398
B1,all,0.2,130,0.12493618277791534,78,-0.21867861398533242
B1,all,0.25,44,0.16652903545108602,25,-0.3214798142963537
B1,home,0.08,638,0.06382482952024082,300,-0.048606654995301715
B1,home,0.1,470,0.0623859238344471,221,-0.05715878377171575
B1,home,0.12,351,0.10287651466548249,147,-0.026592344768111006
B1,home,0.15,211,0.1168202152133808,91,-0.04147517010245949
B1,home,0.18,117,0.1626858590507651,57,-0.10026055128385189
B1,home,0.2,81,0.20908546853225643,36,-0.1462907851485344
B1,home,0.25,26,0.3615302812752436,9,-0.20871405282749317
B1,draw,0.08,258,-0.017329039284274393,245,-0.07085879181711391
B1,draw,0.1,178,-0.022043545476204216,140,-0.16151758855382378
B1,draw,0.12,127,-0.01098838606956755,69,-0.4346939247687084
B1,draw,0.15,70,0.02906455443298886,36,-0.3893148251503395
B1,draw,0.18,38,0.18472106770496768,20,-0.5154291899444162
B1,draw,0.2,24,0.33259640195493767,17,-0.609259376354309
B1,away,0.08,336,-0.10591502738936089,334,0.09454745594327911
B1,away,0.1,207,-0.23105504424429382,221,0.06694989792203965
B1,away,0.12,131,-0.30359387120589126,136,0.12414972301113232
B1,away,0.15,60,-0.3754064059245131,81,0.031470362268369516
B1,away,0.18,37,-0.41845061734639405,37,-0.11200720152518293
B1,away,0.2,25,-0.43369929962244563,25,-0.17065458901872035
B1,home+draw,0.08,896,0.04907972985723088,545,-0.054812624685470136
B1,home+draw,0.1,648,0.047791570534088175,361,-0.08171590631953739
B1,home+draw,0.12,478,0.08422193893495891,216,-0.10385630833456595
B1,home+draw,0.15,281,0.10366263645327423,127,-0.0998606617606942
B1,home+draw,0.18,155,0.16577670118545754,77,-0.1667252161485457
B1,home+draw,0.2,105,0.2251048241285865,53,-0.237257822855361
B1,home+draw,0.25,34,0.30521739947755183,19,-0.5145934005354995
B1,draw+away,0.08,594,-0.06932437478429312,579,0.03598754094817479
B1,draw+away,0.1,385,-0.14087871050327724,361,-0.006840361676147981
B1,draw+away,0.12,258,-0.17275936259804006,205,-0.03387845145616624
B1,draw+away,0.15,130,-0.18664293908358146,117,-0.07928172225955109
B1,draw+away,0.18,75,-0.15698600855113812,57,-0.2319131425007143
B1,draw+away,0.2,49,-0.11206351810822392,42,-0.3183848695956832
D1,all,0.08,1609,0.04748435557121065,805,-0.008483181320480275
D1,all,0.1,1120,0.04348060806417797,534,-0.028956521645100368
D1,all,0.12,787,0.03146239852811304,342,0.0009654440590541128
D1,all,0.15,433,0.03196962458689117,166,0.08448457547367133
D1,all,0.18,242,-0.004649601187274708,75,0.02430008199095789
D1,all,0.2,159,-0.011131641758686722,43,-0.10563996708657894
D1,all,0.25,70,0.046479078240385066,19,0.383295651944295
D1,home,0.08,711,0.07317100805494073,264,0.023174095092830044
D1,home,0.1,510,0.06172152256140955,174,-0.007505001699931383
D1,home,0.12,378,0.04716971525532804,97,-0.027248643742729246
D1,home,0.15,219,0.013326265216169418,35,0.058988323851380295
D1,home,0.18,119,-0.07843854745644704,10,-0.4794346491842581
D1,home,0.2,76,-0.09279442552795046,5,-0.4772985173088108
D1,home,0.25,24,-0.1357769341633246,2,-1.0
D1,draw,0.08,371,-0.012720607869159274,267,0.03909395808456947
D1,draw,0.1,261,0.013109624375005615,175,0.06362825491976717
D1,draw,0.12,187,0.033544020017172785,129,0.08245586342515801
D1,draw,0.15,113,0.11020764207502082,86,0.04506011740726065
D1,draw,0.18,76,0.06628083678432527,41,0.05307260803437576
D1,draw,0.2,62,0.1360690656862868,27,0.018303760566906115
D1,draw,0.25,41,0.22618000211907738,14,0.5594872354009839
D1,away,0.08,527,0.04294102490501367,274,-0.08748088406425994
D1,away,0.1,349,0.02950928078090871,185,-0.1355670871272429
D1,away,0.12,222,-0.008791146676388974,116,-0.05004818419200526
D1,away,0.15,101,-0.014154032039422679,45,0.1694028241953457
D1,away,0.18,47,0.11616521643352855,24,0.18168464118654024
D1,away,0.2,21,-0.11873400282566142,11,-0.22903395611504715
D1,home+draw,0.08,1082,0.04914059978114925,531,0.029698644912956346
D1,home+draw,0.1,771,0.048158873570170534,349,0.021584489156637347
D1,home+draw,0.12,565,0.04336101039109819,226,0.025101013030460743
D1,home+draw,0.15,332,0.04282503404883713,121,0.05026127597786521
D1,home+draw,0.18,195,-0.027174930248377534,51,-0.06096620096903538
D1,home+draw,0.2,138,0.002602033329554758,32,-0.06187008091969042
D1,home+draw,0.25,65,0.07330274651013798,16,0.4190593386365652
D1,draw+away,0.08,898,0.018771689995721815,541,-0.029400865780857436
D1,draw+away,0.1,610,0.022055490796121027,360,-0.043315347923741726
D1,draw+away,0.12,409,0.011785043145057848,245,0.01648743306552444
D1,draw+away,0.15,214,0.055989366886216016,131,0.0937319321546873
D1,draw+away,0.18,123,0.08348291794592867,65,0.10555630073432903
D1,draw+away,0.2,83,0.07633758807241825,38,-0.05524087122451892
D1,draw+away,0.25,46,0.1647725774796662,17,0.5005882957545559
E0,all,0.08,1974,0.0010154196614226806,1031,0.04332383508139269
E0,all,0.1,1440,0.006292183042941677,698,0.0177941945519432
E0,all,0.12,1032,-0.005967623417120692,458,0.04049665735520127
E0,all,0.15,584,0.005299693156146665,206,0.0072518548841833015
E0,all,0.18,289,-0.0162465550835053,78,0.014716511708123145
E0,all,0.2,188,-0.005718146773888981,43,0.0732269916003446
E0,all,0.25,58,0.2239036929531482,11,0.4859876132005556
E0,home,0.08,1031,0.01969436955672018,442,0.09361347149061866
E0,home,0.1,777,0.013527730933251022,294,0.036119769735366125
E0,home,0.12,570,-0.0027047154286071787,183,0.07346191152822015
E0,home,0.15,330,0.0011106073749006212,59,0.08832989434518108
E0,home,0.18,162,-0.006317989383854676,19,0.050748878389255125
E0,home,0.2,104,-0.040463697499264435,8,0.183499202169487
E0,home,0.25,26,0.2351683305368107,0,0.0
E0,draw,0.08,489,-0.03135104279670547,116,-0.054383688263190684
E0,draw,0.1,340,-0.04359853791034316,74,-0.13015626195138344
E0,draw,0.12,236,-0.0231123169353556,41,-0.10341712545560044
E0,draw,0.15,129,0.029141286416714252,25,-0.12451969422699635
E0,draw,0.18,62,0.010591657006518663,17,0.1340993503421673
E0,draw,0.2,45,-0.007494897515113132,14,0.2970297789929603
E0,away,0.08,454,-0.026952067241424665,473,0.007296077979784595
E0,away,0.1,323,0.023113538297605794,330,0.024046795801490793
E0,away,0.12,226,-0.002874638589148418,234,0.03318432024781318
E0,away,0.15,125,0.0004580265611728026,122,-0.010537269825769876
E0,away,0.18,65,-0.06545576657583209,42,-0.03535130830483374
E0,away,0.2,39,0.10523320295944824,21,-0.06538302312594514
E0,home+draw,0.08,1520,0.008627027454542737,558,0.07244325726660356
E0,home+draw,0.1,1117,0.0017939478040398798,368,0.012464621429153064
E0,home+draw,0.12,806,-0.006768658542876635,224,0.04783007428156532
E0,home+draw,0.15,459,0.006506068386710596,84,0.03380921073510756
E0,home+draw,0.18,224,-0.0031179768264323606,36,0.0868954218144865
E0,home+draw,0.2,149,-0.033578856168218846,22,0.25333588079795233
E0,home+draw,0.25,44,0.26050032333211637,8,0.3081850328902915
E0,draw+away,0.08,943,-0.028902600932099468,589,-0.001978617455218495
E0,draw+away,0.1,663,-0.005867719971099224,404,0.0019910100647520727
E0,draw+away,0.12,462,-0.011671627912985368,275,0.0159380753933819
E0,draw+away,0.15,254,0.012959056180196219,147,-0.027229924198263013
E0,draw+away,0.18,127,-0.03389805680796812,59,0.0038348820409596363
E0,draw+away,0.2,84,0.05405026968310256,35,0.051059722078307106
E0,draw+away,0.25,32,0.21218809524868446,11,0.4859876132005556
E1,all,0.08,1759,-0.006329946542768752,807,0.019482624003833843
E1,all,0.1,1002,-0.03694690800561947,460,0.008849492512067498
E1,all,0.12,546,-0.03220800207671362,278,0.05634350331251539
E1,all,0.15,257,-0.0737633939102292,160,0.06076583647077193
E1,all,0.18,134,-0.10987813939229861,102,0.05940627365639826
E1,all,0.2,92,-0.2119551698008584,74,0.07644831154846168
E1,all,0.25,35,-0.10964417435382873,31,0.1737885175954593
E1,home,0.08,826,0.006027522469345142,316,0.11648629530378607
E1,home,0.1,486,-0.015782494670527603,185,0.11983724081595987
E1,home,0.12,261,-0.0014178013641325633,129,0.1394571950456645
E1,home,0.15,110,-0.03518788438213502,80,0.20900851838505355
E1,home,0.18,46,0.009252679107321036,59,0.21286602546248656
E1,home,0.2,29,-0.11503399534008495,45,0.2222988759626022
E1,draw,0.08,336,0.039732111946067704,193,0.013318857167945113
E1,draw,0.1,189,0.024869528362961007,124,0.03359944202238297
E1,draw,0.12,115,-0.027469108098043316,72,0.0877353497177356
E1,draw,0.15,63,-0.06156968182106752,43,-0.2501401104019501
E1,draw,0.18,44,-0.12375071021333646,24,-0.4284008705268635
E1,draw,0.2,28,-0.4118889670653271,16,-0.5487912836367147
E1,away,0.08,597,-0.05104061505731592,298,-0.1511260435435866
E1,away,0.1,327,-0.10487867224231011,151,-0.24811352770523598
E1,away,0.12,170,-0.08292783023852551,77,-0.19882026406763728
E1,away,0.15,84,-0.12982011833471035,37,-0.19713946464389653
E1,away,0.18,44,-0.21635453247572417,19,-0.22389835403148908
E1,away,0.2,35,-0.17300227898835674,13,-0.16169075445894318
E1,home+draw,0.08,1162,0.014365786555187719,509,0.09114935010415384
E1,home+draw,0.1,675,-0.005755048392277099,309,0.0994256687399448
E1,home+draw,0.12,376,-0.008515831076772694,201,0.12898447253390383
E1,home+draw,0.15,173,-0.043699354655201826,123,0.12474734616687806
E1,home+draw,0.18,90,-0.04709230940031715,83,0.11579482633825117
E1,home+draw,0.2,57,-0.2397429780972642,61,0.11980027450380158
E1,draw+away,0.08,933,-0.019423942917810272,491,-0.090454856645863
E1,draw+away,0.1,516,-0.05953575627154401,275,-0.1349412259939629
E1,draw+away,0.12,285,-0.062496726607105514,149,-0.0797185155378763
E1,draw+away,0.15,147,-0.10418459453747445,80,-0.21967544343799814
E1,draw+away,0.18,88,-0.17763934021514255,43,-0.31224100126434506
E1,draw+away,0.2,63,-0.26154140100886625,29,-0.32505805824653733
E1,draw+away,0.25,26,-0.10373911903164815,5,-0.5293560376518317
F1,all,0.08,1654,-0.0005852213490874844,813,0.04480505002529862
F1,all,0.1,1098,-0.019839413682277908,530,-0.009444741619156143
F1,all,0.12,706,-0.02399541194801646,333,-0.018839450417309438
F1,all,0.15,369,0.04441563548289346,175,-0.033649628723788946
F1,all,0.18,176,0.019136686780957632,90,-0.03290462484667985
F1,all,0.2,119,0.024240457769930283,59,0.08526042569212508
F1,all,0.25,55,0.20744316441116925,30,0.27937544427138744
F1,home,0.08,708,0.007302620149844147,296,0.017143064320233558
F1,home,0.1,476,-0.012317252887419217,201,-0.01753759757391673
F1,home,0.12,307,-0.05628360196800013,123,-0.07844330429140392
F1,home,0.15,163,-0.08567987961751136,70,-0.09467180617507354
F1,home,0.18,73,-0.11816417084344834,27,-0.13521225076784077
F1,home,0.2,46,-0.08147896383230412,15,0.2604603974919761
F1,draw,0.08,480,-0.04243173329956464,165,0.1282192479369323
F1,draw,0.1,292,-0.09279542820254719,83,0.053822425296143346
F1,draw,0.12,169,-0.07932553901790013,48,0.17110581690479548
F1,draw,0.15,75,0.059032596589885626,21,0.10929217908657339
F1,draw,0.18,38,-0.15529988784613175,14,0.08809882519319087
F1,draw,0.2,29,-0.26116705852020705,9,0.4399272309385203
F1,away,0.08,466,0.017588314357980816,352,0.047177098856240475
F1,away,0.1,330,0.015002160269415164,246,-0.015789003810379506
F1,away,0.12,230,0.05204490206294261,162,-0.0051304226437629144
F1,away,0.15,131,0.20723062710958154,84,-0.005771165696043529
F1,away,0.18,65,0.25918172380084536,49,0.0014998861970702696
F1,away,0.2,44,0.2828431784358009,35,-0.036369636195011164
F1,away,0.25,25,0.46776249280936116,19,0.0009865034300388473
F1,home+draw,0.08,1188,-0.008266590505279057,461,0.04287581102899274
F1,home+draw,0.1,768,-0.036064539075966094,284,-0.0036568358928140837
F1,home+draw,0.12,476,-0.06264881025745779,171,-0.03232402697720543
F1,home+draw,0.15,238,-0.048669331522959776,91,-0.0613936308407624
F1,home+draw,0.18,111,-0.1287334641373495,41,-0.08086894990282482
F1,home+draw,0.2,75,-0.13864143366720222,24,0.3160236244493572
F1,home+draw,0.25,30,-0.031196984591110227,11,0.8912801906541973
F1,draw+away,0.08,946,-0.007950262485035919,517,0.06514363219217265
F1,draw+away,0.1,622,-0.026809469721795588,329,-0.0035552220586394403
F1,draw+away,0.12,399,0.005789935028370901,210,0.02274465130166811
F1,draw+away,0.15,206,0.1614262178499075,105,0.010436079601390646
F1,draw+away,0.18,103,0.12819823810817002,63,0.01436969041342026
F1,draw+away,0.2,73,0.1002846156827785,44,0.03045043500243179
F1,draw+away,0.25,41,0.20450863467092067,24,0.17162357975568548
G1,all,0.08,1157,-0.0036958823960215226,732,0.0711869795410894
G1,all,0.1,891,-0.002785571145868417,550,0.06273327347143975
G1,all,0.12,678,-0.008130501183949836,400,0.08494895072422709
G1,all,0.15,387,0.039238622212516186,234,0.0915427151032757
G1,all,0.18,201,-0.031872734331320395,121,0.11703864506939168
G1,all,0.2,133,-0.0468722609059614,65,0.15437415484383962
G1,all,0.25,38,-0.3522087054092599,10,-0.44441241856383595
G1,home,0.08,688,0.08569663573305333,252,0.07922357414304469
G1,home,0.1,538,0.10385390949217457,189,0.053874626698281414
G1,home,0.12,413,0.1158146158901959,152,0.08408452424795225
G1,home,0.15,242,0.197639271642286,105,0.1023833675517925
G1,home,0.18,117,0.19037962419601911,61,0.13226258775425362
G1,home,0.2,73,0.1914705402814022,31,0.18162678061811732
G1,draw,0.08,235,-0.2409645422385264,200,-0.03228006758468961
G1,draw,0.1,181,-0.2901565855805957,153,-0.055895600230606496
G1,draw,0.12,131,-0.34818631017539087,104,-0.0074717108047898054
G1,draw,0.15,56,-0.35254618280447425,57,-0.15491989032270542
G1,draw,0.18,28,-0.5512044905860001,28,-0.12221610096694832
G1,away,0.08,234,-0.1564182856667582,280,0.11067301183247988
G1,away,0.1,172,-0.1788231143568296,208,0.14288776867489464
G1,away,0.12,134,-0.20895953488901958,144,0.1354837573615535
G1,away,0.15,89,-0.2566986738085374,72,0.20448176572012142
G1,away,0.18,56,-0.34334840984581505,32,0.22059233765699257
G1,away,0.2,43,-0.30405761553005295,14,0.4722244396973858
G1,home+draw,0.08,923,0.03315783074574053,452,0.05428274715711517
G1,home+draw,0.1,719,0.04097335426465556,342,0.029868875409305058
G1,home+draw,0.12,544,0.04506107953076281,256,0.06642645810743956
G1,home+draw,0.15,298,0.1296974228431664,162,0.060795067871773224
G1,home+draw,0.18,145,0.09311682562347674,89,0.09132167396520928
G1,home+draw,0.2,90,0.09198913005628444,51,0.08848052503582304
G1,home+draw,0.25,20,-0.2671569060754375,10,-0.44441241856383595
G1,draw+away,0.08,469,-0.19023190241862056,480,0.06161480151621389
G1,draw+away,0.1,353,-0.22235375464945556,361,0.07374217490397299
G1,draw+away,0.12,265,-0.25982886778489106,248,0.08619620521383362
G1,draw+away,0.15,145,-0.284278534786579,129,0.07059583278558355
G1,draw+away,0.18,84,-0.39454965703917655,60,0.08582191511135194
G1,draw+away,0.2,60,-0.3443375509937084,34,0.10480479915096298
G1,draw+away,0.25,25,-0.5402743754580852,9,-0.6527087784646668
I1,all,0.08,1908,-0.01753266177620584,861,0.06952732000638295
I1,all,0.1,1320,-0.019537082985189164,536,0.09812236161775395
I1,all,0.12,933,-0.02851103634082489,319,0.10711642082585048
I1,all,0.15,522,-0.08035200857296418,160,0.07653344531465953
I1,all,0.18,283,-0.04606112084351172,82,0.15088820827564428
I1,all,0.2,183,0.010326255399416267,56,0.18064866962895682
I1,all,0.25,72,0.04942555380753104,15,0.11055546916831573
I1,home,0.08,983,-0.018027688079781633,208,0.026751784007834664
I1,home,0.1,707,-0.02529771417288253,116,0.0392213254215226
I1,home,0.12,488,-0.035267116472041636,74,0.07699216325139048
I1,home,0.15,275,-0.09190106971371242,41,0.06854645103285033
I1,home,0.18,137,-0.06917249117213743,26,0.11004460651579462
I1,home,0.2,90,-0.05850516539519761,15,0.23604651891501702
I1,home,0.25,28,-0.01205727041718638,1,0.3407689144736843
I1,draw,0.08,356,-0.10826380698361884,320,0.11869588206868564
I1,draw,0.1,201,-0.1099113296073674,186,0.17881391173846675
I1,draw,0.12,144,-0.1635539862918015,87,0.12132302535164194
I1,draw,0.15,81,-0.29861069620582015,38,0.1836103824275974
I1,draw,0.18,52,-0.1464897193333739,23,0.4542205084037789
I1,draw,0.2,33,0.11770377873654995,19,0.23126254958930045
I1,away,0.08,569,0.021046736304920387,333,0.07780805014150625
I1,away,0.1,412,0.02282888614568735,234,0.10685879851540347
I1,away,0.12,301,0.029279335046926615,158,0.12768708992320427
I1,away,0.15,166,0.015523896925056763,81,0.046692379732127906
I1,away,0.18,94,0.03418727514545068,33,0.05281401166705499
I1,away,0.2,60,0.09862874377075542,22,0.07714850547387779
I1,away,0.25,25,0.19383972810648498,4,0.19431331290683282
I1,home+draw,0.08,1339,-0.03309872045696153,528,0.06360579665054865
I1,home+draw,0.1,908,-0.03756557460502384,302,0.0912155594715001
I1,home+draw,0.12,632,-0.0541041356790738,161,0.09024436767990887
I1,home+draw,0.15,356,-0.12192423603450228,79,0.09765049348021045
I1,home+draw,0.18,189,-0.0824049872027107,49,0.19945035382326584
I1,home+draw,0.2,123,-0.028765266810589107,34,0.23440110109991913
I1,home+draw,0.25,47,-0.027204898143507374,11,0.06814226237439573
I1,draw+away,0.08,925,-0.016809876573845917,653,0.0924945754478453
I1,draw+away,0.1,613,-0.010904010068516556,420,0.12990279278498645
I1,draw+away,0.12,445,-0.018736424762277555,245,0.12598715284594542
I1,draw+away,0.15,247,-0.06329806136072472,119,0.08274503231666223
I1,draw+away,0.18,146,-0.0153643128811127,56,0.1909369086596429
I1,draw+away,0.2,93,0.10389372882527276,41,0.13854917629863864
I1,draw+away,0.25,44,0.10798328860333084,14,0.0797724655488443
N1,all,0.08,1347,0.0009881771063692082,719,-0.009493492574733144
N1,all,0.1,935,0.009393217533075331,488,-0.011371856096801268
N1,all,0.12,621,0.022249869238082365,335,0.012860058251294245
N1,all,0.15,344,-0.0001664375337819504,151,0.03314021189566832
N1,all,0.18,190,0.0031227091231668057,64,0.09573131143844844
N1,all,0.2,138,-0.03756492469321711,38,0.17574597303542522
N1,all,0.25,52,0.04532705549507237,14,-0.417133066290194
N1,home,0.08,634,0.004376902812781402,312,-0.013736964134679442
N1,home,0.1,472,0.014245492996255493,234,0.0012091655127223378
N1,home,0.12,323,0.03673812775927711,166,0.01689217181480616
N1,home,0.15,175,0.08097983157605677,81,0.010220954233314006
N1,home,0.18,93,0.12962023081000837,29,0.02162994133610439
N1,home,0.2,57,0.0721261820612262,11,0.13756864222546258
N1,draw,0.08,353,0.11234045982250215,154,-0.049992338747885674
N1,draw,0.1,210,0.12169373619192456,97,-0.13497785165479695
N1,draw,0.12,140,0.03940265189880791,62,-0.0345427669629804
N1,draw,0.15,73,-0.01597633547172637,26,0.029507997046269892
N1,draw,0.18,41,-0.14828529291926865,17,0.14426865457622856
N1,draw,0.2,35,-0.13728771736038686,16,0.004139951224445664
N1,away,0.08,360,-0.07797741822788934,253,0.017197536581218673
N1,away,0.1,253,-0.06440838117961281,157,0.009486538783966816
N1,away,0.12,158,-0.017221513297937162,107,0.02163765856283671
N1,away,0.15,96,-0.1320756470104902,44,0.09892180276463657
N1,away,0.18,56,-0.1226503871037425,18,0.23916045047406634
N1,away,0.2,46,-0.11262573362544315,11,0.40080174459706497
N1,home+draw,0.08,987,0.02977043021015644,466,-0.01953021809009988
N1,home+draw,0.1,682,0.03706538621196459,331,-0.018443055046843997
N1,home+draw,0.12,463,0.03731470292838714,228,0.010019570633368185
N1,home+draw,0.15,248,0.059762192350490254,107,0.012927968759587473
N1,home+draw,0.18,134,0.06517931587905741,46,0.05088328812313995
N1,home+draw,0.2,92,0.009383756533832737,27,0.0820933133370844
N1,home+draw,0.25,35,0.0707967017712358,11,-0.6717542005576959
N1,draw+away,0.08,713,-0.0033334844884137555,407,-0.0028394286088042077
N1,draw+away,0.1,463,0.0028862749132326708,254,-0.0336463279477762
N1,draw+away,0.12,298,0.0032663894647775573,169,0.005219700478173242
N1,draw+away,0.15,169,-0.09433264944860671,70,0.07715652243724923
N1,draw+away,0.18,97,-0.13084614996860805,35,0.19809712599012932
N1,draw+away,0.2,81,-0.12061307406263021,27,0.2025574562052305
N1,draw+away,0.25,33,0.009287979763104443,13,-0.38691135751665556
P1,all,0.08,1425,0.05262058858571292,965,0.08596329775739737
P1,all,0.1,1058,0.053893395188464775,700,0.1093763419044418
P1,all,0.12,771,0.05453588278166466,494,0.13827115072016602
P1,all,0.15,465,0.0768768142377661,289,0.14152507021608896
P1,all,0.18,263,0.09307308962616262,143,0.1851106863907
P1,all,0.2,192,0.0767234256035878,101,0.21425898650928946
P1,all,0.25,60,0.2552842804141888,19,0.3377202717749661
P1,home,0.08,667,0.07423788414673638,429,0.0822889210342797
P1,home,0.1,501,0.07146910180190988,330,0.09955644800758244
P1,home,0.12,373,0.05638651415587354,244,0.11007615599389868
P1,home,0.15,249,0.06755684032610133,147,0.10250446112281394
P1,home,0.18,138,0.09227571638615688,75,0.18742619521537224
P1,home,0.2,95,0.040732502790907496,54,0.24042691828619683
P1,home,0.25,30,0.2505881339053389,8,0.28832909243500043
P1,draw,0.08,341,0.08568313706107578,176,0.02232238866490685
P1,draw,0.1,257,0.09855452749882236,122,0.07513332797490918
P1,draw,0.12,178,0.12780363422695895,69,0.1359420430505411
P1,draw,0.15,85,0.14886640072023694,37,0.2699114823583515
P1,draw,0.18,58,0.14067115847289352,21,0.2723176748781552
P1,draw,0.2,48,0.21088899500491787,15,0.49443303980488557
P1,away,0.08,417,-0.018296702572692055,360,0.11166347705684412
P1,away,0.1,300,-0.01578045407222853,248,0.1383628526882736
P1,away,0.12,220,0.008142929203242326,181,0.19428395005712745
P1,away,0.15,131,0.0664232990562092,105,0.18959682199664935
P1,away,0.18,67,0.06510186671002859,47,0.15693699690523266
P1,away,0.2,49,0.06916623898067747,32,0.07591162413317952
P1,home+draw,0.08,1008,0.07657544018075578,605,0.0740058747259401
P1,home+draw,0.1,758,0.07689706231544921,452,0.09647946632920075
P1,home+draw,0.12,551,0.0697882473758435,313,0.11275571097281538
P1,home+draw,0.15,334,0.0800579509506027,184,0.1189812171258584
P1,home+draw,0.18,196,0.101243256630741,96,0.1964711302163931
P1,home+draw,0.2,143,0.07912940226402274,69,0.2692711200531593
P1,home+draw,0.25,45,0.2601400566913722,14,0.4388886237920753
P1,draw+away,0.08,758,0.02088356669397756,536,0.09121168162755265
P1,draw+away,0.1,557,0.027405511989815595,370,0.12440966054038013
P1,draw+away,0.12,398,0.05162477328061402,250,0.1834743746832575
P1,draw+away,0.15,216,0.09409521156833164,142,0.20352884936039553
P1,draw+away,0.18,125,0.09443387106769449,68,0.1810524356883562
P1,draw+away,0.2,97,0.12795140755869175,47,0.16888220593790768
P1,draw+away,0.25,30,0.2607409032638209,11,0.3840874502268037
SC0,all,0.08,1278,-0.0003139277587958303,572,0.025463398631197467
SC0,all,0.1,922,-0.0003108348225008141,413,0.040110512304083495
SC0,all,0.12,679,-0.002712240147110837,300,0.06135910726837214
SC0,all,0.15,361,0.014581541540403899,163,0.0944843484024772
SC0,all,0.18,183,0.003679810728487908,98,0.14571010582737642
SC0,all,0.2,121,0.017440736224921895,61,0.13717428715737237
SC0,all,0.25,54,0.109730035195768,19,-0.40337756789674534
SC0,home,0.08,520,-0.04995817018781753,256,0.042800723487019715
SC0,home,0.1,392,-0.04826295578711066,196,0.028484243389116416
SC0,home,0.12,288,-0.06973471731204264,151,0.01330809422270345
SC0,home,0.15,161,-0.04333600545851708,97,0.06682438582840018
SC0,home,0.18,88,-0.04581092813530573,54,0.1414732749764729
SC0,home,0.2,59,0.04048636074028571,35,0.15844268869120937
SC0,draw,0.08,276,-0.059967922781017875,190,0.011635575842910641
SC0,draw,0.1,178,-0.03605081864441874,122,0.12875841713374833
SC0,draw,0.12,137,0.010629228181049393,85,0.21774296641495278
SC0,draw,0.15,67,-0.08619917996471031,38,0.19260491668616794
SC0,draw,0.18,38,-0.1682227793234458,24,0.35054943199455296
SC0,draw,0.2,31,-0.31765121253582357,13,0.013253465518708641
SC0,draw,0.25,22,-0.37356831279429603,6,-0.35482241232193407
SC0,away,0.08,482,0.09906844970093792,126,-0.0030632225922689023
SC0,away,0.1,352,0.08755130152787177,95,0.007889226305843575
SC0,away,0.12,254,0.09377202275514611,64,0.07232574626458128
SC0,away,0.15,133,0.15514528933160612,28,0.1121182170935666
SC0,away,0.18,57,0.20132931390861813,20,0.049021003552366486
SC0,away,0.2,31,0.23087659269486316,13,0.15797351409850002
SC0,home+draw,0.08,796,-0.05237959350168805,446,0.035004868133444646
SC0,home+draw,0.1,570,-0.04554903529968789,318,0.05130015385564777
SC0,home+draw,0.12,425,-0.05150135554322529,236,0.057667129883537706
SC0,home+draw,0.15,228,-0.052261140741790064,135,0.08926064895484874
SC0,home+draw,0.18,126,-0.07271919233540927,78,0.18543320678317593
SC0,home+draw,0.2,90,-0.04904431737936254,48,0.12833074576966716
SC0,home+draw,0.25,41,-0.05955466141902246,15,-0.6241483022933464
SC0,draw+away,0.08,758,0.04883081456648579,316,0.003226056163648709
SC0,draw+away,0.1,530,0.05028640236774448,217,0.0557345991264187
SC0,draw+away,0.12,391,0.06802123788228734,149,0.12931805623871317
SC0,draw+away,0.15,200,0.08164886374704176,66,0.14236831462249006
SC0,draw+away,0.18,95,0.06735833616858643,44,0.1510974031719444
SC0,draw+away,0.2,62,-0.013342536967100454,26,0.11052584240640889
SC0,draw+away,0.25,35,0.05736500465341447,10,-0.11778911371550757
SP1,all,0.08,2032,0.0308347013547492,1023,-0.011530649575693561
SP1,all,0.1,1365,0.024013045016142046,667,-0.006916875824501067
SP1,all,0.12,919,0.0600792663665208,425,-0.011593053852123256
SP1,all,0.15,508,0.0513686700458192,222,-0.009503679244671647
SP1,all,0.18,290,0.03039613454627093,114,0.009235374690601168
SP1,all,0.2,190,0.0061376146817206205,77,-0.061821893125316156
SP1,all,0.25,84,-0.05139728743986264,25,-0.12070173891797513
SP1,home,0.08,1039,0.05537835514260816,444,0.003824769521275906
SP1,home,0.1,702,0.05723615599165685,296,-0.00654365245485177
SP1,home,0.12,481,0.0764195610917604,194,0.005111663798384949
SP1,home,0.15,272,0.10500768236052124,101,-0.005175881677886637
SP1,home,0.18,145,0.04653645906179166,46,0.06964444471320268
SP1,home,0.2,95,-0.06270119485374671,29,0.010545937590001778
SP1,home,0.25,33,-0.5344439956669973,7,0.15906366406666267
SP1,draw,0.08,282,-0.06846036514256724,326,-0.014600633345631246
SP1,draw,0.1,183,-0.07905236510165582,190,0.0774764595934967
SP1,draw,0.12,124,-0.09491787477991549,115,0.0661498660340385
SP1,draw,0.15,57,-0.17527168206201788,55,0.0036387189325964675
SP1,draw,0.18,39,-0.21799990850574794,38,0.038441173721197444
SP1,draw,0.2,22,-0.029649152619056644,28,-0.03262349187935963
SP1,away,0.08,711,0.0065846536356448234,253,-0.04540515905773629
SP1,away,0.1,480,-0.015058621176770147,181,-0.0684043084525754
SP1,away,0.12,314,0.07439515454105827,116,-0.10294987429189235
SP1,away,0.15,179,0.01046666544868459,66,-0.027026747571694102
SP1,away,0.18,106,0.07751512769512722,30,-0.1501803705642413
SP1,away,0.2,73,0.10609016027628462,20,-0.23888952753640838
SP1,away,0.25,38,0.2426381321018829,6,-0.1645374404829541
SP1,home+draw,0.08,1321,0.04001826944607067,770,-0.0010599488223266766
SP1,home+draw,0.1,885,0.03994819701205685,486,0.013339126069901404
SP1,home+draw,0.12,605,0.054097402832257634,309,0.018468502010056217
SP1,home+draw,0.15,329,0.07050141134098478,156,-0.003383724535726823
SP1,home+draw,0.18,184,0.003927318045380378,84,0.06141025645999453
SP1,home+draw,0.2,117,-0.05746301929122217,57,-0.002347225699496214
SP1,home+draw,0.25,46,-0.36042476537184603,19,-0.10665588687700879
SP1,draw+away,0.08,993,-0.011930145449091477,579,-0.031182986176037552
SP1,draw+away,0.1,663,-0.03024023463250351,371,-0.007420169542789998
SP1,draw+away,0.12,438,0.034152099734124204,231,-0.03541062345585666
SP1,draw+away,0.15,236,-0.02823290757381678,121,-0.01574342163944363
SP1,draw+away,0.18,145,0.011663009339069514,68,-0.06598375907559009
SP1,draw+away,0.2,95,0.07902351189525521,48,-0.14180625375112724
SP1,draw+away,0.25,51,0.2010108298904155,18,-0.34280233804590415
T1,all,0.08,1542,-0.00031582057153254885,999,0.01522412552743874
T1,all,0.1,1072,-0.006717202938150059,705,0.0224252278732124
T1,all,0.12,731,-0.01855011549378512,453,0.03326382706395002
T1,all,0.15,427,-0.002637396386496024,249,0.011585175232813726
T1,all,0.18,243,-0.006791313970994577,132,-0.022345660531542542
T1,all,0.2,170,-0.050602819964395966,92,-0.05583471954326929
T1,all,0.25,87,-0.027825793804152253,41,-0.08078887550053623
T1,home,0.08,811,0.032814291057122164,464,0.022966800576205572
T1,home,0.1,567,0.036693888741677505,326,0.03370817819459146
T1,home,0.12,395,0.01586683839739991,220,0.06574502376812548
T1,home,0.15,229,0.029317447398629418,127,0.09415513804548659
T1,home,0.18,131,0.011258729944848356,63,0.07824378006911718
T1,home,0.2,85,-0.02958011404761979,40,0.13462265484349398
T1,home,0.25,39,0.07981513311834855,15,0.3194307006520226
T1,draw,0.08,283,-0.0038920266063561058,279,0.06973554286126366
T1,draw,0.1,182,-0.012365723559106152,182,0.06416391327311166
T1,draw,0.12,124,-0.012955692799422715,95,0.07581772888636837
T1,draw,0.15,61,-0.05176209545184408,31,-0.34772662680906186
T1,draw,0.18,35,0.05292372728839363,15,-0.4852197860294322
T1,draw,0.2,26,0.10253215930781298,13,-0.7313314338562674
T1,draw,0.25,20,0.19752218626659307,12,-0.7200195161737526
T1,away,0.08,448,-0.07339388899952508,256,-0.03675038497117395
T1,away,0.1,323,-0.09982477514854533,197,-0.023603009779102572
T1,away,0.12,212,-0.09954492456660177,138,-0.048156692046660135
T1,away,0.15,137,-0.051477856299490324,91,-0.03525429968760988
T1,away,0.18,77,-0.07205261934467239,54,-0.06245566891380937
T1,away,0.2,59,-0.16050493427623744,39,-0.12696725918365356
T1,away,0.25,28,-0.4085568875278212,14,-0.2506035723455263
T1,home+draw,0.08,1094,0.026064853092773482,743,0.03387306486062877
T1,home+draw,0.1,749,0.028099985580930978,508,0.04027393118663767
T1,home+draw,0.12,519,0.010961114083004141,315,0.06756652281993203
T1,home+draw,0.15,290,0.016689156347955852,158,0.034948846323753
T1,home+draw,0.18,166,0.01800519941171027,78,-0.00034813044897289525
T1,home+draw,0.2,111,-0.006618356252834474,53,-0.014356526845170978
T1,home+draw,0.25,59,0.10754182921202916,27,-0.000664014349602511
T1,draw+away,0.08,731,-0.04993915467315227,535,0.005195294302062387
T1,draw+away,0.1,505,-0.07192472188503632,379,0.007756502302178062
T1,draw+away,0.12,336,-0.07197502460094007,233,-0.010924475026223677
T1,draw+away,0.15,198,-0.05155813556661104,122,-0.10141710559976502
T1,draw+away,0.18,112,-0.034707778548931326,69,-0.14817494949078547
T1,draw+away,0.2,85,-0.08086111008830324,52,-0.26465495187573634
T1,draw+away,0.25,48,-0.16703220747591463,26,-0.43598182067554475
E1+G1+P1,all,0.08,4341,0.016943656043903094,2504,0.0650552653075805
E1+G1+P1,all,0.1,2951,0.011298635263479925,1710,0.07190621031494335
E1+G1+P1,all,0.12,1995,0.013486421068906145,1172,0.10313341256972326
E1+G1+P1,all,0.15,1109,0.035251510082158724,683,0.10677170468983202
E1+G1+P1,all,0.18,598,0.011957803985395393,366,0.13003370371783532
E1+G1+P1,all,0.2,417,-0.021202826311152747,240,0.15703000813403592
E1+G1+P1,all,0.25,133,-0.020383570671715007,60,0.1498550520527775
E1+G1+P1,home,0.08,2181,0.06040605221952192,997,0.08921844771705117
E1+G1+P1,home,0.1,1525,0.06432733238075238,704,0.08922451678912623
E1+G1+P1,home,0.12,1047,0.06985845099417094,525,0.10744120107134723
E1+G1+P1,home,0.15,601,0.10405895927161248,332,0.12537723138092835
E1+G1+P1,home,0.18,301,0.11928074825914879,195,0.17581671100986643
E1+G1+P1,home,0.2,197,0.07479737933441542,130,0.2191681729948772
E1+G1+P1,home,0.25,52,0.1497157736236242,35,0.2697836345757129
E1+G1+P1,draw,0.08,912,-0.018650460792147494,569,-0.0011089517064109386
E1+G1+P1,draw,0.1,627,-0.03657063101493264,399,0.01016212033059858
E1+G1+P1,draw,0.12,424,-0.05909284020935047,245,0.060233509999484035
E1+G1+P1,draw,0.15,204,-0.04933766751351662,137,-0.06542896824182276
E1+G1+P1,draw,0.18,130,-0.09843843463906901,73,-0.10065480387690401
E1+G1+P1,draw,0.2,93,-0.11590104013973125,51,-0.1089357327146507
E1+G1+P1,draw,0.25,31,-0.16621830357310038,17,-0.1767193336728877
E1+G1+P1,away,0.08,1248,-0.06405999314859885,938,0.049710481982518394
E1+G1+P1,away,0.1,799,-0.08886934700897108,607,0.06483909098390225
E1+G1+P1,away,0.12,524,-0.08237591789992454,402,0.11112104523087599
E1+G1+P1,away,0.15,304,-0.08922675346404756,214,0.13108735950280323
E1+G1+P1,away,0.18,167,-0.15418301545161237,98,0.10378010385024361
E1+G1+P1,away,0.2,127,-0.13509703586786712,59,0.11026208873411104
E1+G1+P1,away,0.25,50,-0.11757048481176646,8,-0.041068406176793665
E1+G1+P1,home+draw,0.08,3093,0.04447470257722017,1566,0.07183845767674939
E1+G1+P1,home+draw,0.1,2152,0.044484621590555946,1103,0.07481952101510617
E1+G1+P1,home+draw,0.12,1471,0.04525593456914546,770,0.10004441865721322
E1+G1+P1,home+draw,0.15,805,0.07792631643034896,469,0.09838420640165531
E1+G1+P1,home+draw,0.18,431,0.07463359991839401,268,0.13772615512843883
E1+G1+P1,home+draw,0.2,290,0.030536681392366417,181,0.16985601081500235
E1+G1+P1,home+draw,0.25,83,0.049690565428185826,52,0.18106411034767586
E1+G1+P1,draw+away,0.08,2160,-0.04715754587200875,1507,0.034298677477892045
E1+G1+P1,draw+away,0.1,1426,-0.06938863118666563,1006,0.048080204265624434
E1+G1+P1,draw+away,0.12,948,-0.07386924079269923,647,0.09644816270837663
E1+G1+P1,draw+away,0.15,508,-0.07598504626489365,351,0.07393229919174804
E1+G1+P1,draw+away,0.18,297,-0.1345519671495237,171,0.03839678369083669
E1+G1+P1,draw+away,0.2,220,-0.12860590300190222,110,0.03266275604022045
E1+G1+P1,draw+away,0.25,81,-0.13241395877425702,25,-0.11549263356531657
G1+P1,all,0.08,2582,0.027128362051152936,1697,0.07969071816408554
G1+P1,all,0.1,1949,0.02813492633797856,1250,0.08942769322337271
G1+P1,all,0.12,1449,0.025897327498098265,894,0.11509177781335009
G1+P1,all,0.15,852,0.060407984991335914,523,0.11899846143132528
G1+P1,all,0.18,464,0.0396924067243557,264,0.15451488121164156
G1+P1,all,0.2,325,0.024912068259121758,166,0.19129447696913607
G1+P1,all,0.25,98,0.010127136139834072,29,0.11618852438382798
G1+P1,home,0.08,1355,0.07978977911384653,681,0.08104634379026233
G1+P1,home,0.1,1039,0.08709839261850374,519,0.08099235638702071
G1+P1,home,0.12,786,0.08490144002154922,396,0.09904375788007473
G1+P1,home,0.15,491,0.12556884830927348,252,0.10244774774932583
G1+P1,home,0.18,255,0.1337862839840851,136,0.16189034237412073
G1+P1,home,0.2,168,0.10186403440971108,85,0.21763872498626824
G1+P1,home,0.25,43,0.20732603238659064,9,0.29674055289362644
G1+P1,draw,0.08,576,-0.04903186810408806,376,-0.007745757334047729
G1+P1,draw,0.1,438,-0.062408263012477504,275,0.0003569173074584052
G1+P1,draw,0.12,309,-0.07119745255565327,173,0.0493282184388521
G1+P1,draw,0.15,141,-0.04383291643218026,94,0.01130841261943792
G1+P1,draw,0.18,86,-0.08586511131893416,49,0.04315930594044954
G1+P1,draw,0.2,65,0.010407187831129792,35,0.06592503864977922
G1+P1,draw,0.25,22,-0.1519285797561854,15,-0.08278372330067488
G1+P1,away,0.08,651,-0.07202976222982478,640,0.1112568837321115
G1+P1,away,0.1,472,-0.08108656515428793,456,0.14023496024402513
G1+P1,away,0.12,354,-0.08216844585429307,325,0.17092603195342962
G1+P1,away,0.15,220,-0.07523178205181241,177,0.19487832308182312
G1+P1,away,0.18,123,-0.13333623507275624,79,0.17992321374247178
G1+P1,away,0.2,92,-0.12181402453450552,46,0.18408191487701223
G1+P1,away,0.25,33,-0.14221658588529457,5,0.11653670034549049
G1+P1,home+draw,0.08,1931,0.056114392410041576,1057,0.06550935905982035
G1+P1,home+draw,0.1,1477,0.06000589817459242,794,0.06759147703723031
G1+P1,home+draw,0.12,1095,0.058184907559029164,569,0.09189514578550889
G1+P1,home+draw,0.15,632,0.10176532154027165,346,0.09067504552838157
G1+P1,home+draw,0.18,341,0.09793168534899506,185,0.14615274115508295
G1+P1,home+draw,0.2,233,0.08404082094885641,120,0.19358779805086904
G1+P1,home+draw,0.25,65,0.10628109960112313,24,0.11608746948296512
G1+P1,draw+away,0.08,1227,-0.06315221289068089,1016,0.07789907329480374
G1+P1,draw+away,0.1,910,-0.07393086815784268,731,0.10122927170240181
G1+P1,draw+away,0.12,663,-0.07817273100767742,498,0.13966143491483018
G1+P1,draw+away,0.15,361,-0.06532650258744924,271,0.14768415527118597
G1+P1,draw+away,0.18,209,-0.11783289103737106,128,0.14065646355246375
G1+P1,draw+away,0.2,157,-0.07871521277284879,81,0.14477111710834853
G1+P1,draw+away,0.25,55,-0.14521038257948846,20,-0.0072839271243799976
E1+P1,all,0.08,3184,0.02642913531948841,1772,0.062152298300190784
E1+P1,all,0.1,2060,0.01845423618840599,1160,0.07652069515293564
E1+P1,all,0.12,1317,0.02561367757276958,772,0.11276324586964286
E1+P1,all,0.15,722,0.03305209739415568,449,0.11519250147755267
E1+P1,all,0.18,397,0.035353049387856085,245,0.13654399542478715
E1+P1,all,0.2,284,-0.008120818030914077,175,0.1580076655325513
E1+P1,all,0.25,95,0.12233783561709063,50,0.2291233132445219
E1+P1,home,0.08,1493,0.04635294796391676,745,0.0937486851770531
E1+P1,home,0.1,987,0.040531010750252366,515,0.10587940288173588
E1+P1,home,0.12,634,0.03970268433887132,373,0.11927411875550992
E1+P1,home,0.15,359,0.04515588314626544,227,0.13874112015330012
E1+P1,home,0.18,184,0.0768316159800542,134,0.19790019345784882
E1+P1,home,0.2,124,0.010598775806720624,99,0.23238304992367642
E1+P1,home,0.25,39,0.16655629128730368,34,0.2669612329899725
E1+P1,draw,0.08,677,0.06410108993330846,369,0.017767775597591504
E1+P1,draw,0.1,446,0.06776580198845102,246,0.05463477450495768
E1+P1,draw,0.12,293,0.06619458386912941,141,0.11182430680233861
E1+P1,draw,0.15,148,0.060003861883975704,80,0.002096876683394685
E1+P1,draw,0.18,102,0.028343037459433826,45,-0.0860580146194377
E1+P1,draw,0.2,76,-0.021741155204211108,31,-0.015061499389599291
E1+P1,draw,0.25,24,0.09458975192887417,8,0.3943871409067758
E1+P1,away,0.08,1014,-0.034684372359660924,658,0.021778374794726805
E1+P1,away,0.1,627,-0.05567956934225877,399,0.025801472499672753
E1+P1,away,0.12,390,-0.027520981148064574,258,0.09895850715198076
E1+P1,away,0.15,215,-0.008223112583833734,142,0.10006765386881078
E1+P1,away,0.18,111,-0.04599606491762029,66,0.055366250453172686
E1+P1,away,0.2,84,-0.03201422984211789,45,0.011319234495223384
E1+P1,away,0.25,32,0.08371707863959349,8,-0.041068406176793665
E1+P1,home+draw,0.08,2170,0.05030127571849834,1114,0.08027008339313471
E1+P1,home+draw,0.1,1433,0.046453007321624766,761,0.09748572241864036
E1+P1,home+draw,0.12,927,0.04537450068548362,514,0.11825282423295772
E1+P1,home+draw,0.15,507,0.048086509218537764,307,0.12107334619352335
E1+P1,home+draw,0.18,286,0.06502509172884548,179,0.1622451547650584
E1+P1,home+draw,0.2,200,0.001775610017151207,130,0.2021310437331865
E1+P1,home+draw,0.25,63,0.14403275728869713,42,0.28029694789980686
E1+P1,draw+away,0.08,1691,0.0011610219228726753,1027,0.020642121347702536
E1+P1,draw+away,0.1,1073,-0.010575731760059529,645,0.033984406344120095
E1+P1,draw+away,0.12,683,0.006718355686943438,399,0.10225682519408502
E1+P1,draw+away,0.15,363,0.0157543923748523,222,0.0756187939086127
E1+P1,draw+away,0.18,213,-0.0162366240885585,111,0.015205372135284811
E1+P1,draw+away,0.2,160,-0.027934619489670777,76,0.003695512508996264
E1+P1,draw+away,0.25,56,0.0876073129416679,16,0.1139124405905585
E1+G1,all,0.08,2916,-0.004990646163991522,1539,0.048918254235117885
E1+G1,all,0.1,1893,-0.017623529787177013,1010,0.04151226037660958
E1+G1,all,0.12,1224,-0.017105996937316133,678,0.07435779768793131
E1+G1,all,0.15,644,0.00022045554500356118,394,0.0801262183246729
E1+G1,all,0.18,335,-0.05898815949285251,223,0.09194491567783249
E1+G1,all,0.2,225,-0.10725361189540959,139,0.11340037853834431
E1+G1,all,0.25,73,-0.2409723051742382,41,0.07017389914466633
E1+G1,home,0.08,1514,0.05192757117054171,568,0.09506270843295618
E1+G1,home,0.1,1024,0.05950889370489386,374,0.08014212193127833
E1+G1,home,0.12,674,0.08000183465557194,281,0.10523293605730284
E1+G1,home,0.15,352,0.13774030275172466,185,0.14175458184230838
E1+G1,home,0.18,163,0.14735184191765316,120,0.16838307446598022
E1+G1,home,0.2,102,0.11174098881636815,76,0.2043067805087048
E1+G1,home,0.25,22,-0.0026246046784081153,27,0.2648720628360286
E1+G1,draw,0.08,571,-0.08437146444710808,393,-0.01152606444423595
E1+G1,draw,0.1,370,-0.13142821700401716,277,-0.018039869861003706
E1+G1,draw,0.12,246,-0.194897731093182,176,0.030262845239879578
E1+G1,draw,0.15,119,-0.19559882654968114,100,-0.19354531553184268
E1+G1,draw,0.18,72,-0.2935718356949258,52,-0.2539825039492779
E1+G1,draw,0.2,45,-0.44481988259344163,36,-0.3650525950459102
E1+G1,away,0.08,831,-0.09198733187419726,578,-0.0012281337349786025
E1+G1,away,0.1,499,-0.1382818602820511,359,-0.0010044662370567643
E1+G1,away,0.12,304,-0.14913228811384738,221,0.026188386511948967
E1+G1,away,0.15,173,-0.20084427485600553,109,0.06234926118028605
E1+G1,away,0.18,100,-0.2914908863121474,51,0.04655499798608268
E1+G1,away,0.2,78,-0.25078811054508215,27,0.15613914765611892
E1+G1,away,0.25,35,-0.26359824719115055,3,-0.3543154521624394
E1+G1,home+draw,0.08,2085,0.024689259457876346,961,0.07021201559530699
E1+G1,home+draw,0.1,1394,0.022444607522101544,651,0.05795701858236724
E1+G1,home+draw,0.12,920,0.026909483655130764,457,0.09049639560049996
E1+G1,home+draw,0.15,471,0.0760323285380128,285,0.0848046925829855
E1+G1,home+draw,0.18,235,0.04830876013540853,172,0.10222057768148222
E1+G1,home+draw,0.2,147,-0.02125683497998154,112,0.1051136568330818
E1+G1,home+draw,0.25,38,-0.21478367112209187,38,0.10064443128305722
E1+G1,draw+away,0.08,1402,-0.08917409306839884,971,-0.004878176773580355
E1+G1,draw+away,0.1,869,-0.13575350359690427,636,-0.007286557191986492
E1+G1,draw+away,0.12,550,-0.1659196512039555,397,0.02769495634928499
E1+G1,draw+away,0.15,292,-0.19911697477006243,209,-0.038021827182022426
E1+G1,draw+away,0.18,172,-0.29217216772994703,103,-0.0763543233622417
E1+G1,draw+away,0.2,123,-0.3061114922085174,63,-0.09052928466730391
E1+G1,draw+away,0.25,51,-0.335870694299015,14,-0.602231848852105
D1+E0+E1,all,0.08,5342,0.012752829184385164,2643,0.021599571875161976
D1+E0+E1,all,0.1,3562,0.007055308721892168,1692,0.0017783237331874728
D1+E0+E1,all,0.12,2365,0.0004246557719097557,1078,0.034107869363137595
D1+E0+E1,all,0.15,1274,-0.0013215317515163983,532,0.04688490673614448
D1+E0+E1,all,0.18,665,-0.030012886725099528,255,0.03813184605020857
D1+E0+E1,all,0.2,439,-0.04882789493754117,160,0.036914530699304275
D1+E0+E1,all,0.25,163,0.079403846107383,61,0.2683441182521979
D1+E0+E1,home,0.08,2568,0.031113165382466623,1022,0.08434685870625944
D1+E0+E1,home,0.1,1773,0.020914771977315946,653,0.05380660125956394
D1+E0+E1,home,0.12,1209,0.012646818509951125,409,0.07788332628992051
D1+E0+E1,home,0.15,659,-0.00038657656568378765,174,0.15206644954519422
D1+E0+E1,home,0.18,327,-0.028073991480142734,88,0.13571865279360576
D1+E0+E1,home,0.2,209,-0.0667042119065147,58,0.18044415517593904
D1+E0+E1,home,0.25,59,0.04210388786313791,28,0.22120089318831102
D1+E0+E1,draw,0.08,1196,-0.006328123294769311,576,0.011857509020520117
D1+E0+E1,draw,0.1,790,-0.0074095726962619445,373,0.01527982733826957
D1+E0+E1,draw,0.12,538,-0.0027651531807398252,242,0.049683259463050904
D1+E0+E1,draw,0.15,305,0.04315936353374811,154,-0.06218968659258584
D1+E0+E1,draw,0.18,182,0.005269661963989543,82,-0.05316096661937948
D1+E0+E1,draw,0.2,135,-0.016437281985552846,57,-0.043664298545430434
D1+E0+E1,draw,0.25,68,0.18976153199126344,24,0.3809688324140164
D1+E0+E1,away,0.08,1578,-0.013786227865233596,1045,-0.05411936017823123
D1+E0+E1,away,0.1,999,-0.014558765039992557,666,-0.07208851770599356
D1+E0+E1,away,0.12,618,-0.027188302526305573,427,-0.02806260746112648
D1+E0+E1,away,0.15,310,-0.04208713601296415,204,-0.010696795795369666
D1+E0+E1,away,0.18,156,-0.06989516323285529,85,-0.025944210281606685
D1+E0+E1,away,0.2,95,-0.04197356001181452,45,-0.12687171785059237
D1+E0+E1,away,0.25,36,-0.017774762835966004,9,0.22145010189364336
D1+E0+E1,home+draw,0.08,3764,0.022006742674989584,1598,0.0656851614592277
D1+E0+E1,home+draw,0.1,2563,0.0142026235947687,1026,0.04396858380135184
D1+E0+E1,home+draw,0.12,1747,0.008970231382214052,651,0.07039449915098828
D1+E0+E1,home+draw,0.15,964,0.010528750449626324,328,0.08096399786677164
D1+E0+E1,home+draw,0.18,509,-0.01857194105744898,170,0.07015142621274668
D1+E0+E1,home+draw,0.2,344,-0.05070335667160755,115,0.10014973315842084
D1+E0+E1,home+draw,0.25,127,0.11006160109451227,52,0.2756265882367422
D1+E0+E1,draw+away,0.08,2774,-0.010721651327975399,1621,-0.03389096675571058
D1+E0+E1,draw+away,0.1,1789,-0.011574238084556631,1039,-0.04509591534540407
D1+E0+E1,draw+away,0.12,1156,-0.016557079846753506,669,-0.00375071709747552
D1+E0+E1,draw+away,0.15,615,-0.002615685309838118,358,-0.029196698797681938
D1+E0+E1,draw+away,0.18,338,-0.03243726938993939,167,-0.03710080667896277
D1+E0+E1,draw+away,0.2,230,-0.02824121530487627,102,-0.08682178451538194
D1+E0+E1,draw+away,0.25,104,0.10535801695041572,33,0.3310189857094891
D1+E0,all,0.08,3583,0.020211119113913042,1836,0.02248771727722868
D1+E0,all,0.1,2560,0.02130205789897459,1232,-0.0010281063593020646
D1+E0,all,0.12,1819,0.009028876384884199,800,0.02485763049360576
D1+E0,all,0.15,1017,0.0158032019334515,372,0.03891873319749718
D1+E0,all,0.18,531,-0.011458130468297804,153,0.019001256120963397
D1+E0,all,0.2,347,-0.007966638432885623,86,-0.009518327851196724
D1+E0,all,0.25,128,0.13398460664119505,30,0.42345017307722954
D1+E0,home,0.08,1742,0.03981951250578714,706,0.06818891437778286
D1+E0,home,0.1,1287,0.03127820918834726,468,0.0200429054559024
D1+E0,home,0.12,948,0.01569119739495941,280,0.03797273577154765
D1+E0,home,0.15,549,0.005524995579994728,94,0.07710145723241961
D1+E0,home,0.18,281,-0.033310034484069155,29,-0.1222260414889396
D1+E0,home,0.2,180,-0.059694512480826474,13,-0.06792183333235874
D1+E0,home,0.25,50,0.07107080231163723,2,-1.0
D1+E0,draw,0.08,860,-0.02280894546957597,383,0.011188181584650686
D1+E0,draw,0.1,601,-0.017169766118096796,249,0.007204867181117308
D1+E0,draw,0.12,423,0.00390920802906147,170,0.0351672123860329
D1+E0,draw,0.15,242,0.07045449600705911,111,0.0028822840491164936
D1+E0,draw,0.18,138,0.04313103846403811,58,0.07747453645598637
D1+E0,draw,0.2,107,0.08027901125239381,41,0.11149085674068195
D1+E0,draw,0.25,59,0.25278607001036874,22,0.4738970788328489
D1+E0,away,0.08,981,0.0057424336333649914,747,-0.02389071849467135
D1+E0,away,0.1,672,0.0259652063139783,515,-0.02706229806902226
D1+E0,away,0.12,448,-0.005393623291361158,350,0.008572518586683979
D1+E0,away,0.15,226,-0.0051373592772620165,167,0.03444931286135669
D1+E0,away,0.18,112,-0.00294778122548779,66,0.03516215127656078
D1+E0,away,0.2,60,0.04117002221725634,32,-0.11204574214243104
D1+E0,home+draw,0.08,2602,0.02467850007364772,1089,0.053182983988742084
D1+E0,home+draw,0.1,1888,0.019932056902899804,717,0.016646583439667618
D1+E0,home+draw,0.12,1371,0.012971989114740779,450,0.03712721620977197
D1+E0,home+draw,0.15,791,0.02090619541034909,205,0.04289962282458252
D1+E0,home+draw,0.18,419,-0.01343536387859703,87,0.003869108884834257
D1+E0,home+draw,0.2,287,-0.01763095068622101,54,0.0662039087628948
D1+E0,home+draw,0.25,109,0.1551176155940851,24,0.38361025178620806
D1+E0,draw+away,0.08,1841,-0.006795793124829848,1130,-0.013908230262786704
D1+E0,draw+away,0.1,1273,0.006832324168709904,764,-0.017453535966067055
D1+E0,draw+away,0.12,871,-0.001135271395825621,520,0.01617113529633949
D1+E0,draw+away,0.15,468,0.03212387827417118,278,0.023686011379689096
D1+E0,draw+away,0.18,250,0.021386348728040742,124,0.05220357047521842
D1+E0,draw+away,0.2,167,0.06480806922890223,73,0.0004013964039295156
D1+E0,draw+away,0.25,78,0.1856492840338267,28,0.49459380809339226
D1+P1,all,0.08,3034,0.05026817865207282,1770,0.053047502439141705
D1+P1,all,0.1,2178,0.04927376015436811,1234,0.06372731335722047
D1+P1,all,0.12,1558,0.04457183947918841,836,0.09698731762172762
D1+P1,all,0.15,898,0.058643907456061184,455,0.12687293734028626
D1+P1,all,0.18,505,0.05262051665281845,218,0.14677212722143823
D1+P1,all,0.2,351,0.04084752925334481,144,0.1459214616470884
D1+P1,all,0.25,130,0.15057000858088795,38,0.35692996938995586
D1+P1,home,0.08,1378,0.07378071556767882,693,0.06658203520667559
D1+P1,home,0.1,1011,0.06740020107531706,504,0.07320552563220901
D1+P1,home,0.12,751,0.05261902659907964,341,0.08280830240440193
D1+P1,home,0.15,468,0.047366222075531955,182,0.09683169600946487
D1+P1,home,0.18,257,0.027612344414457285,85,0.1447968410481115
D1+P1,home,0.2,171,-0.009741027484707485,59,0.20550441210288944
D1+P1,home,0.25,54,0.08669219837899396,10,0.1527502347364655
D1+P1,draw,0.08,712,0.03337305834942751,443,0.0325627513743673
D1+P1,draw,0.1,518,0.05367628611172117,297,0.06811000781458512
D1+P1,draw,0.12,365,0.07715934409845655,198,0.10054507123065427
D1+P1,draw,0.15,198,0.12612147203970467,123,0.11311501800960759
D1+P1,draw,0.18,134,0.09639176599492204,62,0.12376547690164645
D1+P1,draw,0.2,110,0.1661104261534469,42,0.17345743197758842
D1+P1,draw,0.25,56,0.2420306942859781,20,0.6219337575300066
D1+P1,away,0.08,944,0.010609999292017764,634,0.04108645947098564
D1+P1,away,0.1,649,0.004430633086508285,433,0.04531511179735144
D1+P1,away,0.12,442,0.0011649706776680696,297,0.11948413292016977
D1+P1,away,0.15,232,0.03755922396466224,150,0.18480612091932472
D1+P1,away,0.18,114,0.08191785526892248,71,0.16378787036125933
D1+P1,away,0.2,70,0.0232380694845305,43,0.014920801869321513
D1+P1,away,0.25,20,0.12906156883069508,8,0.12392660715001505
D1+P1,home+draw,0.08,2090,0.06414496066434519,1136,0.05868726433911679
D1+P1,home+draw,0.1,1529,0.06417229639454278,801,0.07209411380924133
D1+P1,home+draw,0.12,1116,0.058211715912278056,539,0.08662137914203738
D1+P1,home+draw,0.15,666,0.0644507764004881,305,0.10071971336716175
D1+P1,home+draw,0.18,391,0.04540874060386604,147,0.13938817313150678
D1+P1,home+draw,0.2,281,0.04495389298595728,101,0.19678140855820941
D1+P1,home+draw,0.25,110,0.15496870060983042,30,0.42937787555329776
D1+P1,draw+away,0.08,1656,0.01983570813160667,1077,0.038275009028105725
D1+P1,draw+away,0.1,1167,0.024842882951639403,730,0.052707956268259006
D1+P1,draw+away,0.12,807,0.03311105287556802,495,0.1134589507160919
D1+P1,draw+away,0.15,430,0.07658111609326441,273,0.1600051455971402
D1+P1,draw+away,0.18,248,0.08933523687706034,133,0.1488952014225636
D1+P1,draw+away,0.2,180,0.10489157423108718,85,0.08026058936199608
D1+P1,draw+away,0.25,76,0.20615840819228584,28,0.4499831411675016
